,,,,,,,,,,,,,,,,,,,,,,,,,
Rk,Player,Nation,Pos,Squad,Age,Born,90s,SCA,SCA90,PassLive,PassDead,Drib,Sh,Fld,Def,GCA,GCA90,PassLive,PassDead,Drib,Sh,Fld,Def,OG,Matches
1,Issah Abbas,gh GHA,"DF,FW",Mainz 05,22-227,1998,0.2,0,0,0,0,0,0,0,0,0,0,0,0,0,0,0,0,0,Matches
2,David Abraham,ar ARG,DF,Eint Frankfurt,34-300,1986,13.6,2,0.15,2,0,0,0,0,0,0,0,0,0,0,0,0,0,0,Matches
3,Amir Abrashi,al ALB,MF,Freiburg,31-045,1990,0.7,0,0,0,0,0,0,0,0,0,0,0,0,0,0,0,0,0,Matches
4,Ragnar Ache,de GER,"FW,MF",Eint Frankfurt,22-287,1998,0.9,0,0,0,0,0,0,0,0,0,0,0,0,0,0,0,0,0,Matches
5,Tyler Adams,us USA,"DF,MF",RB Leipzig,22-086,1999,20.6,27,1.31,23,0,0,0,3,1,3,0.15,2,0,0,0,0,1,0,Matches
6,Sargis Adamyan,am ARM,"FW,MF",Hoffenheim,27-353,1993,3.4,15,4.4,8,1,1,2,3,0,4,1.17,1,0,0,2,1,0,0,Matches
7,Felix Agu,de GER,DF,Werder Bremen,21-226,1999,7.7,6,0.78,4,0,1,0,1,0,1,0.13,1,0,0,0,0,0,0,Matches
8,Naouirou Ahamada,fr FRA,MF,Stuttgart,19-043,2002,2.4,2,0.82,1,0,1,0,0,0,0,0,0,0,0,0,0,0,0,Matches
9,Manuel Akanji,ch SUI,DF,Dortmund,25-296,1995,24.4,14,0.57,10,1,0,1,1,1,1,0.04,1,0,0,0,0,0,0,Matches
10,Kevin Akpoguma,ng NGA,DF,Hoffenheim,26-022,1995,12.4,5,0.4,4,1,0,0,0,0,1,0.08,1,0,0,0,0,0,0,Matches
11,David Alaba,at AUT,"DF,MF",Bayern Munich,28-321,1992,27.9,44,1.58,40,1,0,2,0,1,4,0.14,3,1,0,0,0,0,0,Matches
12,Lucas Alario,ar ARG,FW,Leverkusen,28-215,1992,13.8,27,1.95,21,0,2,1,3,0,3,0.22,2,0,0,1,0,0,0,Matches
13,Omar Alderete,py PAR,DF,Hertha BSC,24-136,1996,12.4,5,0.4,5,0,0,0,0,0,0,0,0,0,0,0,0,0,0,Matches
14,Nadiem Amiri,de GER,MF,Leverkusen,24-196,1996,20.3,70,3.46,47,13,4,6,0,0,12,0.59,8,1,2,1,0,0,0,Matches
15,Sebastian Andersson,se SWE,FW,Köln,29-300,1991,10.8,12,1.11,7,0,0,3,1,1,3,0.28,1,0,0,1,1,0,0,Matches
16,Robert Andrich,de GER,MF,Union Berlin,26-231,1994,27.1,52,1.92,40,3,4,1,2,2,8,0.3,6,0,0,0,1,1,0,Matches
17,Angeliño,es ESP,"DF,FW",RB Leipzig,24-127,1997,23.5,91,3.87,62,15,6,5,3,0,6,0.26,4,1,1,0,0,0,0,Matches
18,Waldemar Anton,de GER,DF,Stuttgart,24-295,1996,28.1,27,0.96,21,1,0,1,1,3,5,0.18,4,0,0,0,1,0,0,Matches
19,Charles Aránguiz,cl CHI,MF,Leverkusen,32-024,1989,16.6,28,1.69,26,0,0,0,0,2,1,0.06,1,0,0,0,0,0,0,Matches
20,Santiago Arias,co COL,DF,Leverkusen,29-118,1992,1,1,1,0,0,0,0,0,1,0,0,0,0,0,0,0,0,0,Matches
21,Maximilian Arnold,de GER,MF,Wolfsburg,26-349,1994,26.7,85,3.18,33,35,1,4,8,4,11,0.41,4,4,1,0,2,0,0,Matches
22,Toluwalas Arokodare,ng NGA,FW,Köln,20-169,2000,1.2,1,0.8,1,0,0,0,0,0,0,0,0,0,0,0,0,0,0,Matches
23,Santiago Ascacíbar,ar ARG,MF,Hertha BSC,24-075,1997,6.6,9,1.37,7,0,1,1,0,0,1,0.15,0,0,0,1,0,0,0,Matches
24,Ludwig Augustinsson,se SWE,DF,Werder Bremen,27-020,1994,20.7,58,2.8,31,23,0,3,1,0,6,0.29,2,4,0,0,0,0,0,Matches
25,Taiwo Awoniyi,ng NGA,FW,Union Berlin,23-272,1997,14.3,32,2.23,23,0,3,2,3,1,6,0.42,3,0,1,0,2,0,0,Matches
26,Mehmet-Can Aydin,de GER,DF,Schalke 04,19-091,2002,3.8,2,0.52,2,0,0,0,0,0,0,0,0,0,0,0,0,0,0,Matches
27,Leon Bailey,jm JAM,"FW,MF",Leverkusen,23-275,1997,23.8,98,4.12,56,15,10,7,9,1,14,0.59,7,4,1,1,0,1,0,Matches
28,Ridle Baku,de GER,"FW,DF",Wolfsburg,23-033,1998,27.8,76,2.74,62,1,4,3,4,2,14,0.5,12,0,1,0,0,1,0,Matches
29,Ridle Baku,de GER,DF,Mainz 05,23-033,1998,2,1,0.5,1,0,0,0,0,0,0,0,0,0,0,0,0,0,0,Matches
30,Philipp Bargfrede,de GER,MF,Werder Bremen,32-069,1989,0.3,0,0,0,0,0,0,0,0,0,0,0,0,0,0,0,0,0,Matches
31,Aymen Barkok,ma MAR,"FW,MF",Eint Frankfurt,22-355,1998,10.3,38,3.67,25,8,2,0,2,1,5,0.48,3,1,1,0,0,0,0,Matches
32,Leandro Barreiro Martins,lu LUX,MF,Mainz 05,21-128,2000,24.2,31,1.28,25,1,2,0,3,0,2,0.08,2,0,0,0,0,0,0,Matches
33,Jacob Barrett Laursen,dk DEN,DF,Arminia,26-175,1994,11.7,7,0.6,7,0,0,0,0,0,1,0.09,1,0,0,0,0,0,0,Matches
34,Oliver Baumann,de GER,GK,Hoffenheim,30-343,1990,31,2,0.06,1,1,0,0,0,0,0,0,0,0,0,0,0,0,0,Matches
35,Julian Baumgartlinger,at AUT,MF,Leverkusen,33-129,1988,11.9,23,1.93,18,0,0,1,4,0,2,0.17,1,0,0,1,0,0,0,Matches
36,Christoph Baumgartner,at AUT,"MF,FW",Hoffenheim,21-283,1999,26.3,79,3,51,2,3,5,14,4,11,0.42,7,0,1,0,3,0,0,Matches
37,Noah Joel Sarenren Bazee,ng NGA,"FW,MF",Augsburg,24-263,1996,0.4,1,2.5,1,0,0,0,0,0,1,2.5,1,0,0,0,0,0,0,Matches
38,Ihlas Bebou,tg TOG,FW,Hoffenheim,27-018,1994,22.4,62,2.76,47,0,8,3,3,1,13,0.58,7,0,3,2,1,0,0,Matches
39,Sheraldo Becker,nl NED,"FW,MF",Union Berlin,26-091,1995,11.9,33,2.77,25,0,2,3,3,0,7,0.59,6,0,0,0,1,0,0,Matches
40,Timo Becker,de GER,DF,Schalke 04,24-047,1997,15.2,8,0.52,5,1,0,0,2,0,3,0.2,2,1,0,0,0,0,0,Matches
41,Brian Behrendt,de GER,DF,Arminia,29-199,1991,0.9,2,2.28,0,1,1,0,0,0,0,0,0,0,0,0,0,0,0,Matches
42,Maximilian Beier,de GER,FW,Hoffenheim,18-206,2002,0.1,0,0,0,0,0,0,0,0,0,0,0,0,0,0,0,0,0,Matches
43,Ishak Belfodil,dz ALG,FW,Hoffenheim,29-119,1992,6.6,19,2.87,14,0,0,2,3,0,1,0.15,1,0,0,0,0,0,0,Matches
44,Stefan Bell,de GER,DF,Mainz 05,29-260,1991,13.1,6,0.46,4,1,0,0,0,1,2,0.15,1,1,0,0,0,0,0,Matches
45,Karim Bellarabi,de GER,"FW,MF",Leverkusen,31-033,1990,7.8,21,2.69,14,0,5,2,0,0,1,0.13,0,0,0,1,0,0,0,Matches
46,Jude Bellingham,eng ENG,MF,Dortmund,17-316,2003,17.4,40,2.3,33,0,1,1,3,2,7,0.4,7,0,0,0,0,0,0,Matches
47,Lars Bender,de GER,DF,Leverkusen,32-014,1989,10.4,17,1.64,16,0,1,0,0,0,3,0.29,3,0,0,0,0,0,0,Matches
48,Sven Bender,de GER,DF,Leverkusen,32-014,1989,12,11,0.92,10,0,0,1,0,0,2,0.17,2,0,0,0,0,0,0,Matches
49,László Bénes,sk SVK,"MF,FW",Augsburg,23-244,1997,6.1,19,3.11,8,5,1,1,4,0,0,0,0,0,0,0,0,0,0,Matches
50,László Bénes,sk SVK,MF,M'Gladbach,23-244,1997,1.7,6,3.6,1,4,0,0,1,0,2,1.2,0,1,0,0,1,0,0,Matches
51,Ramy Bensebaini,dz ALG,DF,M'Gladbach,26-025,1995,18.2,18,0.99,14,0,2,1,0,1,3,0.16,1,0,1,1,0,0,0,Matches
52,Nabil Bentaleb,dz ALG,MF,Schalke 04,26-168,1994,6.1,4,0.66,4,0,0,0,0,0,0,0,0,0,0,0,0,0,0,Matches
53,Louis Beyer,de GER,DF,M'Gladbach,20-357,2000,2.1,2,0.96,2,0,0,0,0,0,0,0,0,0,0,0,0,0,0,Matches
54,Bartosz Bialek,pl POL,"FW,MF",Wolfsburg,19-181,2001,3,10,3.33,10,0,0,0,0,0,2,0.67,2,0,0,0,0,0,0,Matches
55,Ermin Bicakcic,ba BIH,DF,Hoffenheim,31-107,1990,1.4,0,0,0,0,0,0,0,0,0,0,0,0,0,0,0,0,0,Matches
56,Leonardo Bittencourt,de GER,"MF,FW",Werder Bremen,27-143,1993,15.1,38,2.52,21,9,3,1,2,2,4,0.27,1,1,0,0,1,1,0,Matches
57,Jérôme Boateng,de GER,DF,Bayern Munich,32-250,1988,24.6,15,0.61,14,0,0,0,0,1,3,0.12,3,0,0,0,0,0,0,Matches
58,Jean-Paul Boëtius,nl NED,"MF,FW",Mainz 05,27-050,1994,21.3,56,2.63,45,1,3,2,4,1,7,0.33,6,0,0,1,0,0,0,Matches
59,Melayro Bogarde,nl NED,"DF,MF",Hoffenheim,18-348,2002,3.1,8,2.6,6,0,0,0,2,0,1,0.32,1,0,0,0,0,0,0,Matches
60,Dennis Borkowski,de GER,MF,RB Leipzig,19-105,2002,0.1,1,8.18,1,0,0,0,0,0,0,0,0,0,0,0,0,0,0,Matches
61,Sebastiaan Bornauw,be BEL,DF,Köln,22-050,1999,21.1,2,0.09,2,0,0,0,0,0,1,0.05,1,0,0,0,0,0,0,Matches
62,Nassim Boujellab,ma MAR,"MF,FW",Schalke 04,21-325,1999,6.7,14,2.08,9,0,0,2,3,0,0,0,0,0,0,0,0,0,0,Matches
63,Dedryck Boyata,be BEL,DF,Hertha BSC,30-164,1990,14.2,8,0.56,7,0,0,1,0,0,0,0,0,0,0,0,0,0,0,Matches
64,Can Bozdogan,de GER,MF,Schalke 04,20-036,2001,7.2,9,1.24,7,1,1,0,0,0,3,0.41,2,0,1,0,0,0,0,Matches
65,Julian Brandt,de GER,"FW,MF",Dortmund,25-009,1996,15.4,63,4.08,54,2,3,2,2,0,6,0.39,5,0,1,0,0,0,0,Matches
66,Fabian Bredlow,de GER,GK,Stuttgart,26-070,1995,1,0,0,0,0,0,0,0,0,0,0,0,0,0,0,0,0,0,Matches
67,Josip Brekalo,hr CRO,FW,Wolfsburg,22-322,1998,19.4,68,3.51,47,11,6,3,1,0,10,0.52,6,0,1,2,1,0,0,Matches
68,Joshua Brenet,nl NED,DF,Hoffenheim,27-052,1994,0,0,0,0,0,0,0,0,0,0,0,0,0,0,0,0,0,0,Matches
69,John Brooks,us USA,DF,Wolfsburg,28-103,1993,29.2,22,0.75,19,0,1,1,0,1,1,0.03,1,0,0,0,0,0,0,Matches
70,Daniel Brosinski,de GER,DF,Mainz 05,32-298,1988,14.1,33,2.34,21,11,1,0,0,0,4,0.28,1,3,0,0,0,0,0,Matches
71,Cédric Brunner,ch SUI,DF,Arminia,27-083,1994,27.5,23,0.84,17,4,1,0,1,0,1,0.04,1,0,0,0,0,0,0,Matches
72,Jacob Bruun Larsen,dk DEN,FW,Hoffenheim,22-234,1998,1,2,2.02,2,0,0,0,0,0,0,0,0,0,0,0,0,0,0,Matches
73,Marius Bülter,de GER,"FW,MF",Union Berlin,28-043,1993,10.5,23,2.2,19,0,2,0,1,1,3,0.29,3,0,0,0,0,0,0,Matches
74,Jonathan Burkardt,de GER,"FW,DF",Mainz 05,20-304,2000,15.3,29,1.9,22,0,1,1,5,0,5,0.33,2,0,1,0,2,0,0,Matches
75,Nishan Burkart,ch SUI,MF,Freiburg,21-100,2000,0.2,0,0,0,0,0,0,0,0,0,0,0,0,0,0,0,0,0,Matches
76,Roman Bürki,ch SUI,GK,Dortmund,30-178,1990,16.5,1,0.06,1,0,0,0,0,0,1,0.06,1,0,0,0,0,0,0,Matches
77,Kerim Calhanoglu,de GER,DF,Schalke 04,18-258,2002,3.3,0,0,0,0,0,0,0,0,0,0,0,0,0,0,0,0,0,Matches
78,Daniel Caligiuri,it ITA,"MF,DF",Augsburg,33-116,1988,28.9,85,2.94,43,26,9,0,5,2,9,0.31,6,2,1,0,0,0,0,Matches
79,Emre Can,de GER,"DF,MF",Dortmund,27-119,1994,22.7,34,1.5,29,0,3,0,0,2,6,0.26,6,0,0,0,0,0,0,Matches
80,Koen Casteels,be BEL,GK,Wolfsburg,28-320,1992,31,2,0.06,2,0,0,0,0,0,0,0,0,0,0,0,0,0,0,Matches
81,Gonzalo Castro,de GER,"MF,FW",Stuttgart,33-334,1987,18,73,4.05,40,23,3,4,0,3,5,0.28,3,1,1,0,0,0,0,Matches
82,Sava Cestic,de GER,DF,Köln,20-081,2001,10,4,0.4,3,0,0,0,0,1,0,0,0,0,0,0,0,0,0,Matches
83,Timothy Chandler,us USA,DF,Eint Frankfurt,31-043,1990,2.9,5,1.72,5,0,0,0,0,0,0,0,0,0,0,0,0,0,0,Matches
84,Kwon Chang-hoon,kr KOR,"MF,FW",Freiburg,26-315,1994,2.4,5,2.09,4,0,0,0,1,0,1,0.42,1,0,0,0,0,0,0,Matches
85,Tahith Chong,nl NED,"FW,MF",Werder Bremen,21-158,1999,4.3,13,3.03,10,0,1,0,1,1,1,0.23,1,0,0,0,0,0,0,Matches
86,Darko Churlinov,mk MKD,"DF,FW",Stuttgart,20-304,2000,1.9,5,2.65,5,0,0,0,0,0,1,0.53,1,0,0,0,0,0,0,Matches
87,Tim Civeja,de GER,"MF,DF",Augsburg,19-127,2002,0.4,1,2.65,1,0,0,0,0,0,0,0,0,0,0,0,0,0,0,Matches
88,Kingsley Coman,fr FRA,"FW,MF",Bayern Munich,24-332,1996,18.6,80,4.3,63,0,11,4,2,0,15,0.81,12,0,2,0,1,0,0,Matches
89,Jhon Córdoba,co COL,FW,Hertha BSC,28-000,1993,17.1,52,3.04,32,0,5,5,9,1,5,0.29,2,0,0,1,2,0,0,Matches
90,Sergio Córdova,ve VEN,"FW,MF",Arminia,23-275,1997,12.1,29,2.39,21,0,3,2,2,1,2,0.17,2,0,0,0,0,0,0,Matches
91,Danny da Costa,de GER,DF,Mainz 05,27-302,1993,12,21,1.75,16,0,3,0,1,1,3,0.25,2,0,1,0,0,0,0,Matches
92,Danny da Costa,de GER,DF,Eint Frankfurt,27-302,1993,1.2,3,2.45,2,0,1,0,0,0,0,0,0,0,0,0,0,0,0,Matches
93,Douglas Costa,br BRA,"FW,MF",Bayern Munich,30-239,1990,3.6,17,4.78,8,7,2,0,0,0,2,0.56,1,0,1,0,0,0,0,Matches
94,Tanguy Coulibaly,fr FRA,"DF,FW",Stuttgart,20-082,2001,16.7,38,2.27,24,0,8,2,3,1,3,0.18,3,0,0,0,0,0,0,Matches
95,Mickaël Cuisance,fr FRA,FW,Bayern Munich,21-268,1999,0.2,0,0,0,0,0,0,0,0,0,0,0,0,0,0,0,0,0,Matches
96,Matheus Cunha,br BRA,"FW,MF",Hertha BSC,21-349,1999,23.9,104,4.36,42,27,14,8,8,5,9,0.38,5,1,0,2,1,0,0,Matches
97,Rafael Czichos,de GER,DF,Köln,30-362,1990,23.1,14,0.61,13,0,1,0,0,0,0,0,0,0,0,0,0,0,0,Matches
98,Moanes Dabour,il ISR,FW,Hoffenheim,28-362,1992,11.1,26,2.34,19,0,3,1,3,0,3,0.27,3,0,0,0,0,0,0,Matches
99,Finn Dahmen,de GER,GK,Mainz 05,23-045,1998,1,1,1,1,0,0,0,0,0,0,0,0,0,0,0,0,0,0,Matches
100,Mahmoud Dahoud,de GER,MF,Dortmund,25-130,1996,12.5,33,2.64,24,0,3,3,1,2,5,0.4,4,0,0,0,0,1,0,Matches
101,Leon Dajaku,de GER,FW,Union Berlin,20-029,2001,0.4,0,0,0,0,0,0,0,0,0,0,0,0,0,0,0,0,0,Matches
102,Tiago Dantas,pt POR,MF,Bayern Munich,20-138,2000,0.8,1,1.3,0,1,0,0,0,0,0,0,0,0,0,0,0,0,0,Matches
103,Márton Dárdai,de GER,DF,Hertha BSC,19-088,2002,8.1,10,1.24,7,3,0,0,0,0,1,0.12,0,1,0,0,0,0,0,Matches
104,Vladimír Darida,cz CZE,MF,Hertha BSC,30-276,1990,19.5,59,3.02,43,9,3,0,4,0,9,0.46,9,0,0,0,0,0,0,Matches
105,Alphonso Davies,ca CAN,DF,Bayern Munich,20-190,2000,17.6,42,2.39,36,0,3,0,3,0,5,0.28,3,0,1,0,1,0,0,Matches
106,Thomas Delaney,dk DEN,MF,Dortmund,29-250,1991,13.2,16,1.21,12,0,0,1,1,2,0,0,0,0,0,0,0,0,0,Matches
107,Kerem Demirbay,de GER,MF,Leverkusen,27-312,1993,17.4,64,3.68,35,18,5,5,1,0,6,0.35,2,2,1,1,0,0,0,Matches
108,Ermedin Demirovic,ba BIH,FW,Freiburg,23-047,1998,15.8,34,2.15,20,0,3,3,6,2,11,0.7,6,0,1,2,1,1,0,Matches
109,Emmanuel Dennis,ng NGA,FW,Köln,23-177,1997,5.3,10,1.9,8,0,1,0,1,0,1,0.19,1,0,0,0,0,0,0,Matches
110,Mike van der Hoorn,nl NED,DF,Arminia,28-208,1992,15,6,0.4,5,1,0,0,0,0,0,0,0,0,0,0,0,0,0,Matches
111,Moussa Diaby,fr FRA,"FW,MF",Leverkusen,21-308,1999,25.3,75,2.96,53,1,14,5,1,1,16,0.63,10,0,4,2,0,0,0,Matches
112,Daniel Didavi,de GER,"FW,MF",Stuttgart,31-079,1990,10.3,32,3.1,27,3,0,1,1,0,5,0.48,3,1,0,1,0,0,0,Matches
113,Javairô Dilrosun,nl NED,"FW,MF",Hertha BSC,22-323,1998,4.3,12,2.78,6,2,3,0,0,1,3,0.7,2,0,0,0,0,1,0,Matches
114,Eren Dinkçi,de GER,"FW,MF",Werder Bremen,19-149,2001,1.2,3,2.5,3,0,0,0,0,0,0,0,0,0,0,0,0,0,0,Matches
115,Ritsu Doan,jp JPN,"MF,FW",Arminia,22-329,1998,28.8,82,2.85,35,21,16,4,5,1,4,0.14,3,0,1,0,0,0,0,Matches
116,Ji Dong-won,kr KOR,FW,Mainz 05,29-348,1991,0.7,2,2.9,2,0,0,0,0,0,0,0,0,0,0,0,0,0,0,Matches
117,Bas Dost,nl NED,FW,Eint Frankfurt,31-345,1989,9.1,18,1.98,17,0,0,1,0,0,3,0.33,3,0,0,0,0,0,0,Matches
118,Aleksandar Dragovic,at AUT,DF,Leverkusen,30-066,1991,10.6,15,1.41,11,2,0,1,0,1,1,0.09,1,0,0,0,0,0,0,Matches
119,Dominick Drexler,de GER,"MF,FW",Köln,30-350,1990,12.9,28,2.17,24,0,1,1,1,1,1,0.08,0,0,0,1,0,0,0,Matches
120,Ondrej Duda,sk SVK,"FW,MF",Köln,26-157,1994,26.2,80,3.05,40,23,7,6,4,0,8,0.31,5,2,0,0,1,0,0,Matches
121,Erik Durm,de GER,DF,Eint Frankfurt,28-364,1992,16.4,27,1.64,18,1,2,6,0,0,5,0.3,1,0,1,3,0,0,0,Matches
122,Johannes Eggestein,de GER,"FW,MF",Werder Bremen,23-003,1998,0.4,1,2.73,1,0,0,0,0,0,0,0,0,0,0,0,0,0,0,Matches
123,Maximilian Eggestein,de GER,MF,Werder Bremen,24-154,1996,30.7,57,1.86,48,1,0,2,4,2,9,0.29,9,0,0,0,0,0,0,Matches
124,Lilian Egloff,de GER,MF,Stuttgart,18-264,2002,0.2,0,0,0,0,0,0,0,0,0,0,0,0,0,0,0,0,0,Matches
125,Kingsley Ehizibue,nl NED,DF,Köln,25-351,1995,12.5,16,1.28,11,1,2,1,1,0,3,0.24,1,0,1,1,0,0,0,Matches
126,Nico Elvedi,ch SUI,DF,M'Gladbach,24-223,1996,26.2,11,0.42,8,0,0,3,0,0,4,0.15,2,0,0,2,0,0,0,Matches
127,Breel Embolo,ch SUI,"FW,MF",M'Gladbach,24-086,1997,15.7,46,2.94,30,0,3,9,4,0,10,0.64,4,0,0,3,3,0,0,Matches
128,Keita Endo,jp JPN,"MF,FW",Union Berlin,23-170,1997,4.8,14,2.94,8,0,1,0,3,2,0,0,0,0,0,0,0,0,0,Matches
129,Wataru Endo,jp JPN,MF,Stuttgart,28-091,1993,31.8,66,2.07,54,0,1,2,5,4,6,0.19,5,0,0,0,1,0,0,Matches
130,Patrick Erras,de GER,"FW,MF",Werder Bremen,26-110,1995,0.3,1,3.6,1,0,0,0,0,0,0,0,0,0,0,0,0,0,0,Matches
131,Ralf Fährmann,de GER,GK,Schalke 04,32-226,1988,17.8,4,0.22,4,0,0,0,0,0,0,0,0,0,0,0,0,0,0,Matches
132,Ohis Felix Uduokhai,de GER,DF,Augsburg,23-244,1997,29,10,0.34,8,0,0,0,1,1,1,0.03,1,0,0,0,0,0,0,Matches
133,Edimilson Fernandes,ch SUI,"MF,DF",Mainz 05,25-026,1996,8.6,12,1.39,9,3,0,0,0,0,0,0,0,0,0,0,0,0,0,Matches
134,Alfreð Finnbogason,is ISL,FW,Augsburg,32-099,1989,5.7,18,3.16,14,0,2,2,0,0,1,0.18,1,0,0,0,0,0,0,Matches
135,Mark Flekken,nl NED,GK,Freiburg,27-332,1993,1,0,0,0,0,0,0,0,0,0,0,0,0,0,0,0,0,0,Matches
136,Florian Flick,de GER,MF,Schalke 04,21-010,2000,1,0,0,0,0,0,0,0,0,0,0,0,0,0,0,0,0,0,Matches
137,Emil Forsberg,se SWE,"FW,MF",RB Leipzig,29-200,1991,15.6,66,4.24,44,8,5,3,4,2,9,0.58,5,1,1,0,1,1,0,Matches
138,Philipp Förster,de GER,"FW,MF",Stuttgart,26-096,1995,15.2,49,3.22,36,6,5,1,1,0,4,0.26,4,0,0,0,0,0,0,Matches
139,Timothy Fosu-Mensah,nl NED,DF,Leverkusen,23-129,1998,4.5,6,1.32,6,0,0,0,0,0,0,0,0,0,0,0,0,0,0,Matches
140,Raphael Framberger,de GER,DF,Augsburg,25-247,1995,16.6,20,1.2,16,2,1,0,0,1,1,0.06,1,0,0,0,0,0,0,Matches
141,Marco Friedl,at AUT,DF,Werder Bremen,23-056,1998,29.6,22,0.74,15,4,1,0,1,1,2,0.07,1,1,0,0,0,0,0,Matches
142,Marvin Friedrich,de GER,DF,Union Berlin,25-149,1995,32,25,0.78,20,0,1,3,1,0,5,0.16,4,0,0,1,0,0,0,Matches
143,Jeremie Frimpong,nl NED,"DF,FW",Leverkusen,20-152,2000,4.8,10,2.06,9,0,1,0,0,0,2,0.41,2,0,0,0,0,0,0,Matches
144,Niclas Füllkrug,de GER,"FW,MF",Werder Bremen,28-091,1993,8.5,16,1.89,10,0,1,1,4,0,1,0.12,0,0,0,0,1,0,0,Matches
145,Mijat Gacinovic,rs SRB,"DF,MF",Hoffenheim,26-092,1995,8.8,24,2.72,16,5,1,2,0,0,3,0.34,1,1,0,1,0,0,0,Matches
146,Christian Gebauer,at AUT,"MF,FW",Arminia,27-142,1993,7.6,14,1.84,12,0,0,2,0,0,1,0.13,1,0,0,0,0,0,0,Matches
147,Theodor Gebre Selassie,cz CZE,DF,Werder Bremen,34-138,1986,31.7,33,1.04,26,3,0,2,2,0,4,0.13,2,1,0,1,0,0,0,Matches
148,Dennis Geiger,de GER,MF,Hoffenheim,22-335,1998,7.3,24,3.28,15,8,0,1,0,0,1,0.14,0,1,0,0,0,0,0,Matches
149,Christian Gentner,de GER,MF,Union Berlin,35-270,1985,9.9,18,1.83,16,0,0,0,2,0,1,0.1,1,0,0,0,0,0,0,Matches
150,Yannick Gerhardt,de GER,"MF,FW",Wolfsburg,27-059,1994,20.4,37,1.81,25,3,2,4,3,0,7,0.34,5,0,0,1,1,0,0,Matches
151,Hamadi Al Ghaddioui,ma MAR,"MF,FW",Stuttgart,30-231,1990,0.3,2,6.92,2,0,0,0,0,0,0,0,0,0,0,0,0,0,0,Matches
152,Niko Gießelmann,de GER,DF,Union Berlin,29-227,1991,4.8,6,1.26,4,1,0,0,1,0,0,0,0,0,0,0,0,0,0,Matches
153,Rafal Gikiewicz,pl POL,GK,Augsburg,33-197,1987,32,3,0.09,2,1,0,0,0,0,1,0.03,0,1,0,0,0,0,0,Matches
154,Daniel Ginczek,de GER,"FW,MF",Wolfsburg,30-028,1991,2.1,3,1.4,3,0,0,0,0,0,0,0,0,0,0,0,0,0,0,Matches
155,Matthias Ginter,de GER,DF,M'Gladbach,27-112,1994,32,28,0.87,27,0,1,0,0,0,4,0.12,4,0,0,0,0,0,0,Matches
156,Robert Glatzel,de GER,FW,Mainz 05,27-123,1994,3.5,11,3.15,7,0,1,1,1,1,3,0.86,1,0,0,1,0,1,0,Matches
157,Serge Gnabry,de GER,"FW,MF",Bayern Munich,25-301,1995,16.6,71,4.27,57,7,4,2,1,0,11,0.66,9,1,0,0,1,0,0,Matches
158,Akaki Gogia,de GER,FW,Union Berlin,29-113,1992,1.6,5,3.21,4,0,0,0,1,0,3,1.93,2,0,0,0,1,0,0,Matches
159,Nicolás González,ar ARG,"FW,DF",Stuttgart,23-035,1998,10.4,30,2.89,20,0,3,3,4,0,7,0.67,3,0,2,1,1,0,0,Matches
160,Leon Goretzka,de GER,MF,Bayern Munich,26-094,1995,18.9,46,2.43,35,0,2,5,2,2,14,0.74,10,0,2,2,0,0,0,Matches
161,Jeffrey Gouweleeuw,nl NED,DF,Augsburg,29-305,1991,29.5,22,0.75,16,2,1,0,1,2,1,0.03,1,0,0,0,0,0,0,Matches
162,Demarai Gray,eng ENG,FW,Leverkusen,24-317,1996,3.8,10,2.61,6,2,1,1,0,0,2,0.52,2,0,0,0,0,0,0,Matches
163,Michael Gregoritsch,at AUT,"FW,MF",Augsburg,27-023,1994,9.3,15,1.62,10,1,2,0,2,0,4,0.43,3,0,0,0,1,0,0,Matches
164,Sebastian Griesbeck,de GER,MF,Union Berlin,30-220,1990,9.8,6,0.61,3,0,1,0,2,0,1,0.1,0,0,0,0,1,0,0,Matches
165,Vincenzo Grifo,it ITA,"MF,FW",Freiburg,28-034,1993,23.7,109,4.6,64,31,6,4,3,1,15,0.63,11,3,0,1,0,0,0,Matches
166,Lennart Grill,de GER,GK,Leverkusen,22-106,1999,4,1,0.25,1,0,0,0,0,0,0,0,0,0,0,0,0,0,0,Matches
167,Florian Grillitsch,at AUT,"MF,DF",Hoffenheim,25-277,1995,18.9,36,1.91,30,0,1,2,2,1,6,0.32,4,0,1,0,1,0,0,Matches
168,Christian Groß,de GER,"MF,DF",Werder Bremen,32-092,1989,15.8,14,0.89,12,0,1,1,0,0,1,0.06,1,0,0,0,0,0,0,Matches
169,Ilia Gruev,bg BUL,FW,Werder Bremen,21-005,2000,0,0,0,0,0,0,0,0,0,0,0,0,0,0,0,0,0,0,Matches
170,Carlos Gruezo,ec ECU,MF,Augsburg,26-022,1995,22.2,21,0.95,17,0,2,0,1,1,0,0,0,0,0,0,0,0,0,Matches
171,Mattéo Guendouzi,fr FRA,MF,Hertha BSC,22-027,1999,20.2,38,1.88,29,2,0,2,5,0,3,0.15,1,0,0,0,2,0,0,Matches
172,Raphaël Guerreiro,pt POR,DF,Dortmund,27-140,1993,23.7,83,3.5,72,4,4,1,1,1,15,0.63,13,1,0,1,0,0,0,Matches
173,Josuha Guilavogui,fr FRA,"MF,DF",Wolfsburg,30-234,1990,8.2,11,1.35,10,0,0,0,0,1,0,0,0,0,0,0,0,0,0,Matches
174,Péter Gulácsi,hu HUN,GK,RB Leipzig,31-005,1990,32,2,0.06,2,0,0,0,0,0,0,0,0,0,0,0,0,0,0,Matches
175,Manuel Gulde,de GER,DF,Freiburg,30-088,1991,19.7,5,0.25,3,0,0,1,0,1,1,0.05,1,0,0,0,0,0,0,Matches
176,Robert Gumny,pl POL,DF,Augsburg,22-341,1998,13.3,13,0.98,9,1,0,1,2,0,1,0.08,0,0,0,0,1,0,0,Matches
177,Christian Günter,de GER,DF,Freiburg,28-072,1993,32,96,3,65,24,1,2,2,2,7,0.22,5,1,0,0,0,1,0,Matches
178,Erling Haaland,no NOR,FW,Dortmund,20-294,2000,24.7,58,2.34,37,0,9,8,3,1,14,0.57,9,0,3,2,0,0,0,Matches
179,Janik Haberer,de GER,"MF,FW",Freiburg,27-039,1994,4.3,5,1.16,3,0,1,0,0,1,0,0,0,0,0,0,0,0,0,Matches
180,Alexander Hack,de GER,DF,Mainz 05,27-245,1993,14.2,10,0.7,9,1,0,0,0,0,0,0,0,0,0,0,0,0,0,Matches
181,André Hahn,de GER,"FW,MF",Augsburg,30-271,1990,20.7,27,1.31,16,1,2,3,2,3,6,0.29,3,0,1,1,0,1,0,Matches
182,Amadou Haidara,ml MLI,"MF,FW",RB Leipzig,23-100,1998,19.7,62,3.15,52,0,2,3,2,3,3,0.15,2,0,0,1,0,0,0,Matches
183,Marcel Halstenberg,de GER,DF,RB Leipzig,29-226,1991,17.3,48,2.77,41,3,1,1,0,2,4,0.23,4,0,0,0,0,0,0,Matches
184,Amine Harit,ma MAR,"FW,MF",Schalke 04,23-327,1997,20.3,74,3.64,44,12,6,1,9,2,7,0.34,5,1,0,0,0,1,0,Matches
185,Marcel Hartel,de GER,MF,Arminia,25-112,1996,18.5,29,1.56,22,5,2,0,0,0,1,0.05,1,0,0,0,0,0,0,Matches
186,Makoto Hasebe,jp JPN,"DF,MF",Eint Frankfurt,37-113,1984,23.4,33,1.41,29,1,0,0,1,2,1,0.04,1,0,0,0,0,0,0,Matches
187,Thorgan Hazard,be BEL,"FW,MF",Dortmund,28-043,1993,7.2,20,2.78,13,4,1,0,1,1,3,0.42,2,1,0,0,0,0,0,Matches
188,Jonas Hector,de GER,MF,Köln,30-349,1990,13.3,31,2.32,22,4,2,0,2,1,3,0.23,1,1,0,0,1,0,0,Matches
189,Hwang Hee-chan,kr KOR,"FW,MF",RB Leipzig,25-105,1996,4.3,10,2.33,6,0,1,1,2,0,3,0.7,1,0,0,1,1,0,0,Matches
190,Dominique Heintz,de GER,DF,Freiburg,27-269,1993,15.2,6,0.39,6,0,0,0,0,0,0,0,0,0,0,0,0,0,0,Matches
191,Benjamin Henrichs,de GER,"DF,MF",RB Leipzig,24-077,1997,5.5,6,1.09,6,0,0,0,0,0,1,0.18,1,0,0,0,0,0,0,Matches
192,Lucas Hernández,fr FRA,DF,Bayern Munich,25-086,1996,16.1,22,1.37,20,0,0,0,1,1,4,0.25,3,0,0,0,1,0,0,Matches
193,Patrick Herrmann,de GER,FW,M'Gladbach,30-088,1991,9.7,36,3.73,22,7,4,2,1,0,3,0.31,3,0,0,0,0,0,0,Matches
194,Martin Hinteregger,at AUT,DF,Eint Frankfurt,28-246,1992,26.1,26,1,15,1,0,5,4,1,4,0.15,1,0,0,1,2,0,0,Matches
195,Marwin Hitz,ch SUI,GK,Dortmund,33-235,1987,15.5,0,0,0,0,0,0,0,0,0,0,0,0,0,0,0,0,0,Matches
196,Nicolas Höfler,de GER,MF,Freiburg,31-063,1990,28.3,44,1.55,32,2,1,3,4,2,10,0.35,6,0,1,1,1,1,0,Matches
197,Jonas Hofmann,de GER,"FW,MF",M'Gladbach,28-301,1992,19.3,81,4.2,38,36,1,1,3,2,12,0.62,6,6,0,0,0,0,0,Matches
198,Marco Höger,de GER,DF,Köln,31-237,1989,0.6,0,0,0,0,0,0,0,0,0,0,0,0,0,0,0,0,0,Matches
199,Lucas Höler,de GER,"FW,MF",Freiburg,26-305,1994,22.2,50,2.25,33,0,2,5,10,0,8,0.36,5,0,0,2,1,0,0,Matches
200,Matthew Hoppe,us USA,FW,Schalke 04,20-059,2001,12,14,1.17,11,1,0,1,0,1,0,0,0,0,0,0,0,0,0,Matches
201,Jannes Horn,de GER,DF,Köln,24-094,1997,19.3,28,1.45,23,2,0,1,2,0,2,0.1,2,0,0,0,0,0,0,Matches
202,Timo Horn,de GER,GK,Köln,27-364,1993,31.4,4,0.13,3,1,0,0,0,0,0,0,0,0,0,0,0,0,0,Matches
203,Lukáš Hrádecký,fi FIN,GK,Leverkusen,31-168,1989,26.5,4,0.15,3,1,0,0,0,0,0,0,0,0,0,0,0,0,0,Matches
204,Ajdin Hrustic,au AUS,"MF,FW",Eint Frankfurt,24-310,1996,1.9,7,3.68,4,1,1,1,0,0,3,1.58,2,0,0,1,0,0,0,Matches
205,Florian Hübner,de GER,DF,Union Berlin,30-071,1991,5.8,0,0,0,0,0,0,0,0,0,0,0,0,0,0,0,0,0,Matches
206,Mats Hummels,de GER,DF,Dortmund,32-146,1988,29.9,26,0.87,23,0,0,2,1,0,2,0.07,2,0,0,0,0,0,0,Matches
207,Klaas-Jan Huntelaar,nl NED,FW,Schalke 04,37-272,1983,5.1,4,0.78,3,0,0,1,0,0,0,0,0,0,0,0,0,0,0,Matches
208,Iago,br BRA,DF,Augsburg,24-049,1997,16.3,28,1.71,24,0,1,1,0,2,3,0.18,2,0,0,1,0,0,0,Matches
209,Vedad Ibiševic,ba BIH,FW,Schalke 04,36-278,1984,1.7,5,2.88,4,0,0,1,0,0,0,0,0,0,0,0,0,0,0,Matches
210,Stefan Ilsanker,at AUT,"MF,DF",Eint Frankfurt,31-358,1989,16.5,11,0.67,8,0,0,2,0,1,1,0.06,0,0,0,0,0,1,0,Matches
211,Marcus Ingvartsen,dk DEN,"MF,FW",Union Berlin,25-127,1996,20.5,46,2.24,26,8,3,4,3,2,9,0.44,4,2,1,0,0,2,0,Matches
212,Ismail Jakobs,de GER,"DF,MF",Köln,21-267,1999,18.2,25,1.38,22,1,1,0,1,0,2,0.11,2,0,0,0,0,0,0,Matches
213,Tony Jantschke,de GER,DF,M'Gladbach,31-034,1990,2.9,3,1.03,3,0,0,0,0,0,0,0,0,0,0,0,0,0,0,Matches
214,Rune Jarstein,no NOR,GK,Hertha BSC,36-224,1984,8,0,0,0,0,0,0,0,0,0,0,0,0,0,0,0,0,0,Matches
215,Tin Jedvaj,hr CRO,DF,Leverkusen,25-164,1995,1.7,1,0.59,1,0,0,0,0,0,0,0,0,0,0,0,0,0,0,Matches
216,Fredrik Jensen,fi FIN,"FW,MF",Augsburg,23-244,1997,3.9,9,2.29,6,0,1,2,0,0,3,0.76,1,0,1,1,0,0,0,Matches
217,Marco John,de GER,DF,Hoffenheim,19-039,2002,10.5,18,1.71,16,1,1,0,0,0,1,0.1,1,0,0,0,0,0,0,Matches
218,Luka Jovic,rs SRB,"FW,MF",Eint Frankfurt,23-139,1997,9.7,13,1.35,11,0,1,1,0,0,3,0.31,1,0,1,1,0,0,0,Matches
219,Ozan Kabak,tr TUR,DF,Schalke 04,21-047,2000,13.8,10,0.72,7,0,0,2,0,1,0,0,0,0,0,0,0,0,0,Matches
220,Pavel Kaderábek,cz CZE,DF,Hoffenheim,29-016,1992,15.6,32,2.05,29,0,1,0,2,0,6,0.38,5,0,1,0,0,0,0,Matches
221,Florian Kainz,at AUT,"FW,MF",Köln,28-199,1992,3.7,14,3.81,6,5,0,0,3,0,2,0.54,1,1,0,0,0,0,0,Matches
222,Sasa Kalajdzic,at AUT,FW,Stuttgart,23-308,1997,21.8,52,2.38,37,0,2,5,7,1,11,0.5,7,0,1,1,2,0,0,Matches
223,Daichi Kamada,jp JPN,"MF,FW",Eint Frankfurt,24-279,1996,24.6,99,4.03,60,25,3,3,5,3,20,0.81,14,2,0,1,2,1,0,Matches
224,Marcin Kaminski,pl POL,DF,Stuttgart,29-116,1992,2.3,6,2.61,6,0,0,0,0,0,1,0.43,1,0,0,0,0,0,0,Matches
225,Kevin Kampl,si SVN,MF,RB Leipzig,30-214,1990,20.5,45,2.2,44,0,1,0,0,0,7,0.34,7,0,0,0,0,0,0,Matches
226,Jimmy Kaparos,de GER,MF,Schalke 04,19-137,2001,0.2,0,0,0,0,0,0,0,0,0,0,0,0,0,0,0,0,0,Matches
227,Atakan Karazor,de GER,"DF,MF",Stuttgart,24-210,1996,9.5,6,0.63,5,0,0,1,0,0,1,0.11,1,0,0,0,0,0,0,Matches
228,Loris Karius,de GER,GK,Union Berlin,27-323,1993,3.2,0,0,0,0,0,0,0,0,0,0,0,0,0,0,0,0,0,Matches
229,Noah Katterbach,de GER,DF,Köln,20-028,2001,11.3,25,2.2,17,1,2,2,3,0,3,0.26,1,0,0,1,1,0,0,Matches
230,Yannik Keitel,de GER,MF,Freiburg,21-085,2000,5.1,6,1.18,4,0,0,2,0,0,0,0,0,0,0,0,0,0,0,Matches
231,Marc-Oliver Kempf,de GER,DF,Stuttgart,26-103,1995,28.4,29,1.02,26,2,0,1,0,0,2,0.07,2,0,0,0,0,0,0,Matches
232,Rani Khedira,de GER,MF,Augsburg,27-104,1994,19.2,13,0.68,11,0,0,1,0,1,0,0,0,0,0,0,0,0,0,Matches
233,Sami Khedira,de GER,MF,Hertha BSC,34-037,1987,3.6,4,1.12,3,0,0,0,0,1,1,0.28,1,0,0,0,0,0,0,Matches
234,Luca Kilian,de GER,DF,Mainz 05,21-252,1999,4.2,1,0.24,1,0,0,0,0,0,0,0,0,0,0,0,0,0,0,Matches
235,Joshua Kimmich,de GER,MF,Bayern Munich,26-092,1995,22.4,109,4.87,70,33,1,2,2,1,17,0.76,11,6,0,0,0,0,0,Matches
236,Davy Klaassen,nl NED,MF,Werder Bremen,28-079,1993,2.5,3,1.22,2,0,0,1,0,0,1,0.41,1,0,0,0,0,0,0,Matches
237,Felix Klaus,de GER,"DF,MF",Wolfsburg,28-240,1992,1.5,0,0,0,0,0,0,0,0,0,0,0,0,0,0,0,0,0,Matches
238,Klauss,br BRA,FW,Hoffenheim,24-071,1997,0.6,3,5.29,3,0,0,0,0,0,0,0,0,0,0,0,0,0,0,Matches
239,Philipp Klement,de GER,"MF,FW",Stuttgart,28-244,1992,4,26,6.45,10,14,0,1,1,0,4,0.99,2,2,0,0,0,0,0,Matches
240,Mateo Klimowicz,de GER,"FW,MF",Stuttgart,20-309,2000,13.3,36,2.7,24,0,5,2,4,1,8,0.6,3,0,2,0,2,1,0,Matches
241,Fabian Klos,de GER,FW,Arminia,33-160,1987,28.1,58,2.06,46,0,1,4,6,1,6,0.21,5,0,1,0,0,0,0,Matches
242,Lukas Klostermann,de GER,DF,RB Leipzig,24-343,1996,14.1,21,1.49,19,0,0,0,2,0,1,0.07,1,0,0,0,0,0,0,Matches
243,Justin Kluivert,nl NED,"FW,MF",RB Leipzig,22-006,1999,7.5,16,2.13,13,0,1,1,1,0,1,0.13,0,0,0,1,0,0,0,Matches
244,Lukas Klünter,de GER,DF,Hertha BSC,24-350,1996,10,8,0.8,7,0,0,0,0,1,3,0.3,3,0,0,0,0,0,0,Matches
245,Ansgar Knauff,de GER,"FW,MF",Dortmund,19-121,2002,0.8,8,10.14,5,0,2,0,1,0,2,2.54,1,0,1,0,0,0,0,Matches
246,Robin Knoche,de GER,DF,Union Berlin,28-354,1992,31.8,15,0.47,11,1,0,2,0,1,2,0.06,2,0,0,0,0,0,0,Matches
247,Gregor Kobel,ch SUI,GK,Stuttgart,23-156,1997,31,1,0.03,1,0,0,0,0,0,0,0,0,0,0,0,0,0,0,Matches
248,Dominik Kohr,de GER,MF,Mainz 05,27-100,1994,13,17,1.31,12,0,0,2,3,0,2,0.15,1,0,0,1,0,0,0,Matches
249,Dominik Kohr,de GER,"MF,FW",Eint Frankfurt,27-100,1994,2.9,4,1.38,2,0,1,0,1,0,0,0,0,0,0,0,0,0,0,Matches
250,Sead Kolašinac,ba BIH,"DF,MF",Schalke 04,27-325,1993,14.8,17,1.15,12,0,3,0,1,1,1,0.07,1,0,0,0,0,0,0,Matches
251,Ibrahima Konaté,fr FRA,DF,RB Leipzig,21-351,1999,7,1,0.14,1,0,0,0,0,0,0,0,0,0,0,0,0,0,0,Matches
252,Filip Kostic,rs SRB,DF,Eint Frankfurt,28-191,1992,26.2,111,4.24,75,26,1,5,3,1,22,0.84,15,4,1,1,1,0,0,Matches
253,Nianzou Kouassi,fr FRA,"DF,MF",Bayern Munich,18-338,2002,1.3,2,1.53,2,0,0,0,0,0,0,0,0,0,0,0,0,0,0,Matches
254,Andrej Kramaric,hr CRO,"FW,MF",Hoffenheim,29-326,1991,24.4,83,3.4,56,7,8,4,7,1,13,0.53,8,2,1,0,1,1,0,Matches
255,Christoph Kramer,de GER,MF,M'Gladbach,30-081,1991,21.7,32,1.48,24,1,1,1,3,2,2,0.09,1,0,0,0,0,1,0,Matches
256,Max Kruse,de GER,"FW,MF",Union Berlin,33-053,1988,16.1,52,3.23,37,11,1,3,0,0,10,0.62,9,0,0,1,0,0,0,Matches
257,Lukas Kübler,de GER,DF,Freiburg,28-254,1992,8.7,10,1.15,8,2,0,0,0,0,1,0.12,1,0,0,0,0,0,0,Matches
258,Pierre Kunde,cm CMR,MF,Mainz 05,25-289,1995,5.7,8,1.4,7,1,0,0,0,0,0,0,0,0,0,0,0,0,0,Matches
259,Fabian Kunze,de GER,MF,Arminia,22-331,1998,14.1,16,1.14,12,0,2,1,1,0,0,0,0,0,0,0,0,0,0,Matches
260,Ahmed Kutucu,tr TUR,"FW,MF",Schalke 04,21-071,2000,1.2,1,0.83,1,0,0,0,0,0,0,0,0,0,0,0,0,0,0,Matches
261,Maxence Lacroix,fr FRA,DF,Wolfsburg,21-035,2000,26.8,19,0.71,14,0,0,4,0,1,4,0.15,2,0,0,2,0,0,0,Matches
262,Konrad Laimer,at AUT,MF,RB Leipzig,23-349,1997,0.2,1,5.63,1,0,0,0,0,0,0,0,0,0,0,0,0,0,0,Matches
263,Stefan Lainer,at AUT,DF,M'Gladbach,28-257,1992,28.8,54,1.88,42,2,2,1,4,3,4,0.14,2,0,0,0,2,0,0,Matches
264,Michael Langer,at AUT,GK,Schalke 04,36-125,1985,2.7,0,0,0,0,0,0,0,0,0,0,0,0,0,0,0,0,0,Matches
265,Danny Latza,de GER,MF,Mainz 05,31-155,1989,18.4,30,1.63,19,8,1,1,1,0,2,0.11,2,0,0,0,0,0,0,Matches
266,Valentino Lazaro,at AUT,"DF,FW",M'Gladbach,25-048,1996,12.7,30,2.37,26,2,0,0,1,1,2,0.16,2,0,0,0,0,0,0,Matches
267,Mathew Leckie,au AUS,"FW,DF",Hertha BSC,30-096,1991,3.3,7,2.09,6,0,0,0,1,0,1,0.3,1,0,0,0,0,0,0,Matches
268,Christopher Lenz,de GER,DF,Union Berlin,26-231,1994,23.4,43,1.84,35,2,2,1,0,3,5,0.21,4,0,0,0,0,1,0,Matches
269,Robert Lewandowski,pl POL,FW,Bayern Munich,32-263,1988,25.3,66,2.61,48,1,4,8,4,1,16,0.63,11,0,2,1,2,0,0,Matches
270,Philipp Lienhart,at AUT,DF,Freiburg,24-304,1996,31.3,13,0.42,11,1,0,0,1,0,0,0,0,0,0,0,0,0,0,Matches
271,Dimitris Limnios,gr GRE,"MF,FW",Köln,22-349,1998,4.2,5,1.19,5,0,0,0,0,0,0,0,0,0,0,0,0,0,0,Matches
272,Niklas Lomb,de GER,GK,Leverkusen,27-287,1993,1.5,0,0,0,0,0,0,0,0,0,0,0,0,0,0,0,0,0,Matches
273,Eduard Löwen,de GER,"MF,DF",Hertha BSC,24-103,1997,0.5,0,0,0,0,0,0,0,0,0,0,0,0,0,0,0,0,0,Matches
274,Jan Luca Schuler,de GER,FW,Schalke 04,22-050,1999,0.4,0,0,0,0,0,0,0,0,0,0,0,0,0,0,0,0,0,Matches
275,Anderson Lucoqui,ao ANG,DF,Arminia,23-309,1997,16.8,14,0.83,11,0,1,1,1,0,2,0.12,2,0,0,0,0,0,0,Matches
276,Kilian Ludewig,de GER,DF,Schalke 04,21-067,2000,5.8,9,1.56,9,0,0,0,0,0,0,0,0,0,0,0,0,0,0,Matches
277,Dodi Lukebakio,be BEL,"FW,MF",Hertha BSC,23-229,1997,19.8,42,2.12,35,1,4,1,0,1,6,0.3,6,0,0,0,0,0,0,Matches
278,Andreas Luthe,de GER,GK,Union Berlin,34-062,1987,28.8,2,0.07,1,1,0,0,0,0,0,0,0,0,0,0,0,0,0,Matches
279,Tim Maciejewski,de GER,MF,Union Berlin,20-067,2001,0.1,0,0,0,0,0,0,0,0,0,0,0,0,0,0,0,0,0,Matches
280,Luca Mack,de GER,MF,Stuttgart,20-351,2000,0.1,0,0,0,0,0,0,0,0,0,0,0,0,0,0,0,0,0,Matches
281,Mikail Maden,no NOR,FW,Schalke 04,19-114,2002,0.1,0,0,0,0,0,0,0,0,0,0,0,0,0,0,0,0,0,Matches
282,Arne Maier,de GER,MF,Hertha BSC,22-123,1999,0.3,2,6,2,0,0,0,0,0,0,0,0,0,0,0,0,0,0,Matches
283,Arne Maier,de GER,MF,Arminia,22-123,1999,9.5,17,1.79,11,3,0,2,0,1,1,0.11,1,0,0,0,0,0,0,Matches
284,Yunus Malli,tr TUR,MF,Wolfsburg,29-076,1992,0.6,2,3.1,2,0,0,0,0,0,0,0,0,0,0,0,0,0,0,Matches
285,Orel Mangala,be BEL,MF,Stuttgart,23-054,1998,23.4,53,2.26,41,0,3,1,6,2,5,0.21,3,0,0,0,1,1,0,Matches
286,Omar Marmoush,eg EGY,FW,Wolfsburg,22-093,1999,0,0,0,0,0,0,0,0,0,0,0,0,0,0,0,0,0,0,Matches
287,Aarón Martín,es ESP,DF,Mainz 05,24-019,1997,2.9,5,1.72,3,2,0,0,0,0,0,0,0,0,0,0,0,0,0,Matches
288,Javi Martínez,es ESP,"DF,MF",Bayern Munich,32-251,1988,4.8,3,0.62,3,0,0,0,0,0,0,0,0,0,0,0,0,0,0,Matches
289,Omar Mascarell,es ESP,MF,Schalke 04,28-098,1993,19.6,12,0.61,8,4,0,0,0,0,1,0.05,0,1,0,0,0,0,0,Matches
290,Roberto Massimo,de GER,"DF,FW",Stuttgart,20-211,2000,6.6,18,2.72,10,0,3,3,2,0,3,0.45,1,0,0,1,1,0,0,Matches
291,Jean-Philippe Mateta,fr FRA,FW,Mainz 05,23-317,1997,11.1,25,2.26,18,1,5,0,1,0,4,0.36,3,0,0,0,1,0,0,Matches
292,Rabbi Matondo,wal WAL,"FW,MF",Schalke 04,20-244,2000,2.4,4,1.64,3,0,0,0,0,1,0,0,0,0,0,0,0,0,0,Matches
293,Konstantinos Mavropanos,gr GRE,DF,Stuttgart,23-151,1997,15.9,9,0.57,6,0,0,2,0,1,2,0.13,1,0,0,1,0,0,0,Matches
294,Eric Maxim Choupo-Moting,cm CMR,"FW,MF",Bayern Munich,32-049,1989,8.9,18,2.02,15,0,1,0,2,0,1,0.11,0,0,0,0,1,0,0,Matches
295,Kevin Mbabu,ch SUI,DF,Wolfsburg,26-022,1995,16.6,28,1.68,23,1,0,1,3,0,3,0.18,3,0,0,0,0,0,0,Matches
296,Jean-Manuel Mbom,de GER,"MF,DF",Werder Bremen,21-076,2000,12.3,17,1.38,9,2,1,0,4,1,2,0.16,1,0,0,0,1,0,0,Matches
297,Nathan de Medina,be BEL,DF,Arminia,23-215,1997,6.7,5,0.75,5,0,0,0,0,0,1,0.15,1,0,0,0,0,0,0,Matches
298,Joshua Mees,de GER,FW,Union Berlin,25-026,1996,0.1,0,0,0,0,0,0,0,0,0,0,0,0,0,0,0,0,0,Matches
299,Admir Mehmedi,ch SUI,"MF,FW",Wolfsburg,30-056,1991,9.1,41,4.5,34,1,1,2,2,1,3,0.33,3,0,0,0,0,0,0,Matches
300,Hamza Mendyl,ma MAR,FW,Schalke 04,23-202,1997,1.1,0,0,0,0,0,0,0,0,0,0,0,0,0,0,0,0,0,Matches
301,Levent Mercan,de GER,FW,Schalke 04,20-152,2000,0.1,0,0,0,0,0,0,0,0,0,0,0,0,0,0,0,0,0,Matches
302,Jorge Meré,es ESP,DF,Köln,24-024,1997,14.4,5,0.35,5,0,0,0,0,0,0,0,0,0,0,0,0,0,0,Matches
303,Thomas Meunier,be BEL,DF,Dortmund,29-241,1991,15.4,23,1.5,17,1,1,2,1,1,1,0.07,0,0,0,1,0,0,0,Matches
304,Max Meyer,de GER,MF,Köln,25-235,1995,3.8,6,1.59,6,0,0,0,0,0,0,0,0,0,0,0,0,0,0,Matches
305,Maximilian Mittelstädt,de GER,DF,Hertha BSC,24-054,1997,20,37,1.85,30,2,2,1,0,2,2,0.1,2,0,0,0,0,0,0,Matches
306,Anthony Modeste,fr FRA,"FW,MF",Köln,33-027,1988,2.5,4,1.63,2,0,0,1,1,0,0,0,0,0,0,0,0,0,0,Matches
307,Kevin Möhwald,de GER,MF,Werder Bremen,27-312,1993,17.1,26,1.52,18,5,0,2,1,0,2,0.12,2,0,0,0,0,0,0,Matches
308,Niklas Moisander,fi FIN,DF,Werder Bremen,35-224,1985,11.6,2,0.17,2,0,0,0,0,0,1,0.09,1,0,0,0,0,0,0,Matches
309,Alkhaly Momo Cissé,gn GUI,"DF,FW",Stuttgart,18-206,2002,0.4,1,2.37,1,0,0,0,0,0,0,0,0,0,0,0,0,0,0,Matches
310,Jan Morávek,cz CZE,MF,Augsburg,31-191,1989,2.2,5,2.28,4,0,0,1,0,0,0,0,0,0,0,0,0,0,0,Matches
311,Mateu Morey,es ESP,DF,Dortmund,21-070,2000,9.2,19,2.06,17,0,0,0,2,0,3,0.33,3,0,0,0,0,0,0,Matches
312,Youssoufa Moukoko,de GER,"FW,MF",Dortmund,16-172,2004,4.7,17,3.63,6,0,2,4,3,2,2,0.43,1,0,1,0,0,0,0,Matches
313,Nordi Mukiele,fr FRA,DF,RB Leipzig,23-191,1997,18.6,26,1.4,22,1,0,0,3,0,3,0.16,2,0,0,0,1,0,0,Matches
314,Florian Müller,de GER,GK,Freiburg,23-179,1997,31,7,0.23,6,1,0,0,0,0,1,0.03,1,0,0,0,0,0,0,Matches
315,Sebastian Müller,de GER,"MF,DF",Arminia,20-108,2001,0,0,0,0,0,0,0,0,0,0,0,0,0,0,0,0,0,0,Matches
316,Thomas Müller,de GER,MF,Bayern Munich,31-240,1989,28.3,133,4.71,119,1,5,4,2,2,27,0.96,24,0,1,2,0,0,0,Matches
317,Petar Musa,hr CRO,FW,Union Berlin,23-068,1998,6.7,13,1.94,11,0,0,0,2,0,2,0.3,2,0,0,0,0,0,0,Matches
318,Jamal Musiala,de GER,"FW,MF",Bayern Munich,18-074,2003,9.5,34,3.6,22,1,6,1,2,2,6,0.63,4,0,2,0,0,0,0,Matches
319,Shkodran Mustafi,de GER,DF,Schalke 04,29-024,1992,8.5,2,0.23,1,1,0,0,0,0,0,0,0,0,0,0,0,0,0,Matches
320,Phillipp Mwene,at AUT,DF,Mainz 05,27-102,1994,18.5,36,1.95,21,9,1,1,3,1,3,0.16,2,1,0,0,0,0,0,Matches
321,Obite N'Dicka,fr FRA,DF,Eint Frankfurt,21-264,1999,21,16,0.76,13,1,0,1,0,1,2,0.1,1,1,0,0,0,0,0,Matches
322,Matija Nastasic,rs SRB,DF,Schalke 04,28-044,1993,13.6,3,0.22,3,0,0,0,0,0,0,0,0,0,0,0,0,0,0,Matches
323,Paul Nebel,de GER,MF,Mainz 05,18-213,2002,0.6,0,0,0,0,0,0,0,0,0,0,0,0,0,0,0,0,0,Matches
324,Luca Netz,de GER,DF,Hertha BSC,17-361,2003,3.4,6,1.75,4,0,0,1,0,1,1,0.29,0,0,0,1,0,0,0,Matches
325,Manuel Neuer,de GER,GK,Bayern Munich,35-045,1986,32,3,0.09,3,0,0,0,0,0,0,0,0,0,0,0,0,0,0,Matches
326,Florian Neuhaus,de GER,MF,M'Gladbach,24-056,1997,27.3,60,2.2,47,1,5,4,2,1,9,0.33,7,1,0,1,0,0,0,Matches
327,Jessic Ngankam,de GER,FW,Hertha BSC,20-295,2000,1.4,1,0.69,0,0,0,1,0,0,0,0,0,0,0,0,0,0,0,Matches
328,Moussa Niakhate,fr FRA,DF,Mainz 05,25-064,1996,29.8,38,1.27,25,5,3,2,1,2,2,0.07,2,0,0,0,0,0,0,Matches
329,Florian Niederlechner,de GER,FW,Augsburg,30-199,1990,17.6,24,1.36,18,0,3,0,2,1,5,0.28,5,0,0,0,0,0,0,Matches
330,Joakim Nilsson,se SWE,DF,Arminia,27-094,1994,22,5,0.23,4,1,0,0,0,0,0,0,0,0,0,0,0,0,0,Matches
331,Christopher Nkunku,fr FRA,"FW,MF",RB Leipzig,23-178,1997,19.6,119,6.07,62,30,8,5,12,2,14,0.71,8,2,2,1,1,0,0,Matches
332,Håvard Nordtveit,no NOR,DF,Hoffenheim,30-324,1990,7.8,6,0.77,4,0,0,2,0,0,0,0,0,0,0,0,0,0,0,Matches
333,Kasim Nuhu,gh GHA,DF,Hoffenheim,25-323,1995,11,6,0.55,6,0,0,0,0,0,1,0.09,1,0,0,0,0,0,0,Matches
334,Bastian Oczipka,de GER,DF,Schalke 04,32-119,1989,18.4,40,2.18,26,12,0,0,2,0,2,0.11,1,1,0,0,0,0,0,Matches
335,Masaya Okugawa,jp JPN,"MF,FW",Arminia,25-027,1996,8.3,11,1.32,7,0,0,1,2,1,1,0.12,0,0,0,1,0,0,0,Matches
336,Dani Olmo,es ESP,"MF,FW",RB Leipzig,23-004,1998,24.4,104,4.27,82,0,4,12,3,3,19,0.78,14,0,1,2,1,1,0,Matches
337,Karim Onisiwo,at AUT,FW,Mainz 05,29-055,1992,18.7,38,2.03,26,0,4,3,3,2,3,0.16,0,0,1,1,1,0,0,Matches
338,Willi Orban,hu HUN,DF,RB Leipzig,28-189,1992,24.3,18,0.74,13,0,0,3,1,1,3,0.12,1,0,0,0,1,1,0,Matches
339,Stefan Ortega,de GER,GK,Arminia,28-186,1992,32,17,0.53,14,3,0,0,0,0,3,0.09,3,0,0,0,0,0,0,Matches
340,Yuya Osako,jp JPN,"FW,MF",Werder Bremen,30-358,1990,8,22,2.77,18,0,1,0,2,1,3,0.38,2,0,0,0,0,1,0,Matches
341,Paulo Otávio,br BRA,DF,Wolfsburg,26-169,1994,17.4,29,1.67,24,1,3,0,1,0,1,0.06,1,0,0,0,0,0,0,Matches
342,Reece Oxford,eng ENG,DF,Augsburg,22-146,1998,13.1,4,0.31,3,0,0,0,1,0,0,0,0,0,0,0,0,0,0,Matches
343,Salih Özcan,de GER,"MF,FW",Köln,23-120,1998,14.1,23,1.63,15,1,2,0,5,0,3,0.21,3,0,0,0,0,0,0,Matches
344,Levin Öztunali,de GER,"DF,FW",Mainz 05,25-057,1996,8.3,19,2.29,15,2,1,0,1,0,2,0.24,2,0,0,0,0,0,0,Matches
345,Gonçalo Paciência,pt POR,FW,Schalke 04,26-283,1994,7.1,12,1.69,6,0,2,3,1,0,3,0.42,1,0,1,0,1,0,0,Matches
346,Exequiel Palacios,ar ARG,MF,Leverkusen,22-218,1998,6.4,15,2.36,13,0,2,0,0,0,1,0.16,1,0,0,0,0,0,0,Matches
347,Matondo-Merveille Papela,de GER,DF,Mainz 05,20-113,2001,0,0,0,0,0,0,0,0,0,0,0,0,0,0,0,0,0,0,Matches
348,Felix Passlack,de GER,DF,Dortmund,22-347,1998,3.8,6,1.56,6,0,0,0,0,0,0,0,0,0,0,0,0,0,0,Matches
349,Benjamin Pavard,fr FRA,DF,Bayern Munich,25-044,1996,20.6,27,1.31,24,2,0,0,1,0,2,0.1,2,0,0,0,0,0,0,Matches
350,Jirí Pavlenka,cz CZE,GK,Werder Bremen,29-027,1992,32,1,0.03,0,1,0,0,0,0,0,0,0,0,0,0,0,0,0,Matches
351,Mads Pedersen,dk DEN,DF,Augsburg,24-252,1996,9.4,19,2.03,10,6,0,0,3,0,1,0.11,0,0,0,0,1,0,0,Matches
352,Peter Pekarík,sk SVK,DF,Hertha BSC,34-193,1986,16.8,18,1.07,16,1,0,0,1,0,1,0.06,1,0,0,0,0,0,0,Matches
353,Philipp Pentke,de GER,GK,Hoffenheim,36-010,1985,1,0,0,0,0,0,0,0,0,0,0,0,0,0,0,0,0,0,Matches
354,Pavao Pervan,at AUT,GK,Wolfsburg,33-179,1987,1,0,0,0,0,0,0,0,0,0,0,0,0,0,0,0,0,0,Matches
355,Nils Petersen,de GER,FW,Freiburg,32-156,1988,13,20,1.53,15,0,0,4,0,1,1,0.08,0,0,0,1,0,0,0,Matches
356,Maximilian Philipp,de GER,MF,Wolfsburg,27-071,1994,10.5,25,2.39,18,1,2,2,1,1,4,0.38,4,0,0,0,0,0,0,Matches
357,Krzysztof Piatek,pl POL,FW,Hertha BSC,25-314,1995,17.5,20,1.14,18,0,0,1,0,1,3,0.17,3,0,0,0,0,0,0,Matches
358,Amos Pieper,de GER,DF,Arminia,23-114,1998,27.8,17,0.61,16,0,0,0,0,1,2,0.07,1,0,0,0,0,1,0,Matches
359,Lukasz Piszczek,pl POL,DF,Dortmund,35-342,1985,4.2,7,1.65,6,1,0,0,0,0,1,0.24,1,0,0,0,0,0,0,Matches
360,Marvin Plattenhardt,de GER,DF,Hertha BSC,29-105,1992,9.4,21,2.24,15,4,1,0,1,0,1,0.11,1,0,0,0,0,0,0,Matches
361,Alassane Pléa,fr FRA,FW,M'Gladbach,28-062,1993,19.2,62,3.23,49,0,5,3,4,1,7,0.37,6,0,0,1,0,0,0,Matches
362,Joel Pohjanpalo,fi FIN,FW,Union Berlin,26-240,1994,9.1,13,1.44,11,0,0,1,1,0,1,0.11,1,0,0,0,0,0,0,Matches
363,Joel Pohjanpalo,fi FIN,MF,Leverkusen,26-240,1994,0.1,0,0,0,0,0,0,0,0,0,0,0,0,0,0,0,0,0,Matches
364,Marin Pongracic,hr CRO,DF,Wolfsburg,23-242,1997,6.4,4,0.63,4,0,0,0,0,0,0,0,0,0,0,0,0,0,0,Matches
365,Stefan Posch,at AUT,DF,Hoffenheim,23-362,1997,21.5,21,0.97,20,0,0,1,0,0,1,0.05,1,0,0,0,0,0,0,Matches
366,Yussuf Poulsen,dk DEN,FW,RB Leipzig,26-330,1994,13.6,33,2.42,25,0,1,3,3,1,7,0.51,5,0,1,0,1,0,0,Matches
367,Manuel Prietl,at AUT,MF,Arminia,29-281,1991,26,30,1.16,19,0,3,1,1,6,5,0.19,4,0,0,0,0,1,0,Matches
368,Grischa Prömel,de GER,MF,Union Berlin,26-122,1995,20.2,38,1.88,23,0,1,4,7,3,3,0.15,1,0,0,1,1,0,0,Matches
369,Robin Quaison,se SWE,"FW,MF",Mainz 05,27-214,1993,15.1,33,2.18,21,0,5,2,3,2,6,0.4,3,0,0,2,1,0,0,Matches
370,Nemanja Radonjic,rs SRB,"FW,DF",Hertha BSC,25-085,1996,3.9,13,3.3,10,0,3,0,0,0,3,0.76,1,0,2,0,0,0,0,Matches
371,Benito Raman,be BEL,"FW,MF",Schalke 04,26-185,1994,13.5,27,2,21,1,2,2,1,0,0,0,0,0,0,0,0,0,0,Matches
372,Milot Rashica,xk KVX,"FW,MF",Werder Bremen,24-317,1996,15.6,39,2.5,27,0,8,3,1,0,4,0.26,3,0,0,1,0,0,0,Matches
373,Daishawn Redan,nl NED,"MF,FW",Hertha BSC,20-098,2001,0.8,1,1.29,1,0,0,0,0,0,0,0,0,0,0,0,0,0,0,Matches
374,Reinier,br BRA,"MF,FW",Dortmund,19-112,2002,1.9,4,2.09,3,0,0,0,1,0,0,0,0,0,0,0,0,0,0,Matches
375,Rocco Reitz,de GER,MF,M'Gladbach,18-347,2002,0.7,3,4.5,3,0,0,0,0,0,0,0,0,0,0,0,0,0,0,Matches
376,Marco Reus,de GER,"MF,FW",Dortmund,31-345,1989,23.7,89,3.75,55,10,6,6,10,2,12,0.51,6,2,0,1,2,1,0,Matches
377,Elvis Rexhbeçaj,de GER,"MF,FW",Köln,23-191,1997,19.6,43,2.2,22,12,1,3,4,1,4,0.2,2,0,0,1,0,1,0,Matches
378,Gio Reyna,us USA,"FW,MF",Dortmund,18-179,2002,21,69,3.29,43,7,7,2,10,0,10,0.48,6,1,1,1,1,0,0,Matches
379,Chris Richards,us USA,DF,Bayern Munich,21-044,2000,1,3,3.03,3,0,0,0,0,0,1,1.01,1,0,0,0,0,0,0,Matches
380,Chris Richards,us USA,DF,Hoffenheim,21-044,2000,10.5,11,1.05,10,0,0,0,0,1,1,0.1,1,0,0,0,0,0,0,Matches
381,Marco Richter,de GER,"FW,MF",Augsburg,23-168,1997,14.2,37,2.6,22,3,8,1,2,1,5,0.35,3,0,0,1,0,1,0,Matches
382,Marc Roca,es ESP,MF,Bayern Munich,24-166,1996,1.6,2,1.22,1,0,1,0,0,0,0,0,0,0,0,0,0,0,0,Matches
383,Sebastian Rode,de GER,MF,Eint Frankfurt,30-212,1990,17.8,43,2.42,36,1,1,0,5,0,7,0.39,6,0,0,0,1,0,0,Matches
384,Jérôme Roussillon,fr FRA,DF,Wolfsburg,28-125,1993,13.6,19,1.4,17,0,1,1,0,0,3,0.22,2,0,1,0,0,0,0,Matches
385,Sebastian Rudy,de GER,DF,Schalke 04,31-072,1990,2,4,2,1,3,0,0,0,0,0,0,0,0,0,0,0,0,0,Matches
386,Sebastian Rudy,de GER,"MF,DF",Hoffenheim,31-072,1990,18.3,54,2.94,34,18,1,1,0,0,5,0.27,4,1,0,0,0,0,0,Matches
387,Georginio Rutter,fr FRA,"FW,MF",Hoffenheim,19-021,2002,2.3,5,2.18,5,0,0,0,0,0,0,0,0,0,0,0,0,0,0,Matches
388,Julian Ryerson,no NOR,DF,Union Berlin,23-175,1997,11,17,1.55,14,1,1,1,0,0,0,0,0,0,0,0,0,0,0,Matches
389,Frederik Rønnow,dk DEN,GK,Schalke 04,28-280,1992,10.5,0,0,0,0,0,0,0,0,0,0,0,0,0,0,0,0,0,Matches
390,João Victor Santos Sá,br BRA,FW,Wolfsburg,27-045,1994,4.8,15,3.1,11,0,1,2,0,1,1,0.21,1,0,0,0,0,0,0,Matches
391,Marcel Sabitzer,at AUT,MF,RB Leipzig,27-055,1994,20.5,55,2.68,51,0,0,3,1,0,4,0.2,3,0,0,1,0,0,0,Matches
392,Roland Sallai,hu HUN,"MF,FW",Freiburg,23-354,1997,17.8,37,2.08,26,1,0,2,8,0,9,0.51,5,0,0,1,3,0,0,Matches
393,Lazar Samardzic,de GER,"MF,FW",RB Leipzig,19-076,2002,2.2,4,1.8,3,0,1,0,0,0,1,0.45,1,0,0,0,0,0,0,Matches
394,Diadie Samassékou,ml MLI,MF,Hoffenheim,25-120,1996,26.8,37,1.38,29,1,2,2,1,2,7,0.26,5,0,0,1,1,0,0,Matches
395,Jadon Sancho,eng ENG,"FW,MF",Dortmund,21-047,2000,21.7,116,5.35,82,21,8,2,2,1,20,0.92,15,1,1,1,2,0,0,Matches
396,Leroy Sané,de GER,"FW,MF",Bayern Munich,25-120,1996,18.9,80,4.23,62,2,12,3,1,0,20,1.06,18,0,1,1,0,0,0,Matches
397,Salif Sané,sn SEN,DF,Schalke 04,30-259,1990,8.9,7,0.79,6,0,0,1,0,0,0,0,0,0,0,0,0,0,0,Matches
398,Mohamed Sankoh,nl NED,FW,Stuttgart,17-207,2003,0.2,1,5.29,0,0,0,1,0,0,0,0,0,0,0,0,0,0,0,Matches
399,Baptiste Santamaria,fr FRA,MF,Freiburg,26-063,1995,23,35,1.52,26,0,2,3,2,2,4,0.17,3,0,0,1,0,0,0,Matches
400,Josh Sargent,us USA,"FW,MF",Werder Bremen,21-080,2000,26.1,57,2.18,37,0,7,6,6,1,4,0.15,1,0,0,1,1,1,0,Matches
401,Bouna Sarr,gn GUI,DF,Bayern Munich,29-100,1992,4.8,8,1.66,7,0,1,0,0,0,3,0.62,3,0,0,0,0,0,0,Matches
402,Patrik Schick,cz CZE,FW,Leverkusen,25-107,1996,19.5,44,2.25,32,0,5,5,2,0,5,0.26,4,0,1,0,0,0,0,Matches
403,Sven Schipplock,de GER,"FW,MF",Arminia,32-184,1988,8.1,16,1.97,11,0,1,0,3,1,1,0.12,1,0,0,0,0,0,0,Matches
404,Xaver Schlager,at AUT,MF,Wolfsburg,23-225,1997,27.3,47,1.72,39,1,0,3,1,3,6,0.22,4,0,0,1,0,1,0,Matches
405,Keven Schlotterbeck,de GER,DF,Freiburg,24-013,1997,18.4,6,0.33,6,0,0,0,0,0,0,0,0,0,0,0,0,0,0,Matches
406,Nico Schlotterbeck,de GER,DF,Union Berlin,21-161,1999,12.3,14,1.14,11,0,0,1,1,1,1,0.08,1,0,0,0,0,0,0,Matches
407,Jonathan Schmid,fr FRA,"DF,MF",Freiburg,30-319,1990,25.3,55,2.18,39,8,3,2,2,1,5,0.2,3,1,0,0,0,1,0,Matches
408,Romano Schmid,at AUT,"FW,MF",Werder Bremen,21-104,2000,12.1,28,2.32,23,1,1,1,2,0,6,0.5,5,0,0,0,1,0,0,Matches
409,Benno Schmitz,de GER,DF,Köln,26-175,1994,2.8,6,2.13,5,1,0,0,0,0,1,0.36,1,0,0,0,0,0,0,Matches
410,Alessandro Schöpf,at AUT,"FW,MF",Schalke 04,27-093,1994,10.5,17,1.62,11,1,3,1,1,0,2,0.19,2,0,0,0,0,0,0,Matches
411,Nico Schulz,de GER,DF,Dortmund,28-040,1993,5.7,8,1.4,8,0,0,0,0,0,3,0.53,3,0,0,0,0,0,0,Matches
412,Alexander Schwolow,de GER,GK,Hertha BSC,28-343,1992,23,2,0.09,0,2,0,0,0,0,0,0,0,0,0,0,0,0,0,Matches
413,Christopher Scott,de GER,"FW,MF",Bayern Munich,18-338,2002,0.4,0,0,0,0,0,0,0,0,0,0,0,0,0,0,0,0,0,Matches
414,Davie Selke,de GER,FW,Werder Bremen,26-111,1995,7.7,15,1.95,12,0,0,2,1,0,1,0.13,0,0,0,1,0,0,0,Matches
415,Suat Serdar,de GER,MF,Schalke 04,24-030,1997,21.7,31,1.43,23,1,1,2,3,1,3,0.14,3,0,0,0,0,0,0,Matches
416,Ryan Sessegnon,eng ENG,DF,Hoffenheim,20-358,2000,16.1,23,1.43,21,0,1,1,0,0,2,0.12,2,0,0,0,0,0,0,Matches
417,Nils Seufert,de GER,"MF,FW",Arminia,24-097,1997,3.8,6,1.57,4,1,0,0,1,0,1,0.26,1,0,0,0,0,0,0,Matches
418,André Silva,pt POR,FW,Eint Frankfurt,25-186,1995,28.7,69,2.41,49,1,7,5,6,1,13,0.45,6,0,1,2,4,0,0,Matches
419,Jóan Símun Edmundsson,fo FRO,"MF,FW",Arminia,29-289,1991,0.6,0,0,0,0,0,0,0,0,0,0,0,0,0,0,0,0,0,Matches
420,Daley Sinkgraven,nl NED,DF,Leverkusen,25-311,1995,17.4,34,1.95,27,4,1,0,1,1,3,0.17,2,0,0,0,1,0,0,Matches
421,Tobias Sippel,de GER,GK,M'Gladbach,33-050,1988,3.8,0,0,0,0,0,0,0,0,0,0,0,0,0,0,0,0,0,Matches
422,Ellyes Skhiri,tn TUN,MF,Köln,26-001,1995,29.9,40,1.34,29,3,2,3,0,3,4,0.13,2,0,1,1,0,0,0,Matches
423,Robert Skov,dk DEN,"FW,DF",Hoffenheim,24-356,1996,11.6,25,2.16,15,8,0,2,0,0,1,0.09,0,0,0,1,0,0,0,Matches
424,Steven Skrzybski,de GER,"FW,DF",Schalke 04,28-174,1992,4.3,8,1.86,3,1,0,2,2,0,1,0.23,0,0,0,1,0,0,0,Matches
425,Yann Sommer,ch SUI,GK,M'Gladbach,32-145,1988,28.1,0,0,0,0,0,0,0,0,0,0,0,0,0,0,0,0,0,Matches
426,Borna Sosa,hr CRO,DF,Stuttgart,23-110,1998,21,71,3.38,51,15,1,2,2,0,10,0.48,7,3,0,0,0,0,0,Matches
427,Cebio Soukou,bj BEN,"FW,MF",Arminia,28-221,1992,5,8,1.61,6,0,1,0,1,0,0,0,0,0,0,0,0,0,0,Matches
428,Djibril Sow,ch SUI,MF,Eint Frankfurt,24-094,1997,23.5,36,1.53,31,0,0,0,4,1,5,0.21,4,0,0,0,1,0,0,Matches
429,Jerry St. Juste,nl NED,DF,Mainz 05,24-204,1996,30,26,0.87,16,2,3,2,2,1,4,0.13,3,1,0,0,0,0,0,Matches
430,Benjamin Stambouli,fr FRA,"MF,DF",Schalke 04,30-271,1990,21.7,20,0.92,16,1,0,0,2,1,3,0.14,3,0,0,0,0,0,0,Matches
431,Josip Stanišic,de GER,DF,Bayern Munich,21-039,2000,1,0,0,0,0,0,0,0,0,0,0,0,0,0,0,0,0,0,Matches
432,Niklas Stark,de GER,"DF,MF",Hertha BSC,26-027,1995,30.1,10,0.33,7,0,0,1,1,1,0,0,0,0,0,0,0,0,0,Matches
433,Renato Steffen,ch SUI,"FW,MF",Wolfsburg,29-189,1991,17.4,49,2.82,37,0,4,3,3,2,8,0.46,7,0,0,0,1,0,0,Matches
434,Pascal Stenzel,de GER,DF,Stuttgart,25-052,1996,12.5,8,0.64,7,1,0,0,0,0,0,0,0,0,0,0,0,0,0,Matches
435,Lars Stindl,de GER,"MF,FW",M'Gladbach,32-258,1988,20,68,3.4,49,8,0,6,2,3,12,0.6,8,0,0,3,0,1,0,Matches
436,Kevin Stöger,at AUT,"MF,FW",Mainz 05,27-257,1993,5.8,19,3.29,15,3,0,1,0,0,0,0,0,0,0,0,0,0,0,Matches
437,Tobias Strobl,de GER,MF,Augsburg,30-364,1990,20.5,25,1.22,24,1,0,0,0,0,1,0.05,1,0,0,0,0,0,0,Matches
438,Marek Suchý,cz CZE,DF,Augsburg,33-043,1988,2.9,0,0,0,0,0,0,0,0,0,0,0,0,0,0,0,0,0,Matches
439,Niklas Süle,de GER,DF,Bayern Munich,25-250,1995,15.9,27,1.69,24,0,1,2,0,0,4,0.25,4,0,0,0,0,0,0,Matches
440,Ádám Szalai,hu HUN,FW,Mainz 05,33-153,1987,7.7,10,1.3,8,0,0,1,0,1,0,0,0,0,0,0,0,0,0,Matches
441,Frederik Sørensen,dk DEN,DF,Köln,29-027,1992,1.1,1,0.91,1,0,0,0,0,0,0,0,0,0,0,0,0,0,0,Matches
442,Alexander Sørloth,no NOR,FW,RB Leipzig,25-157,1995,16,59,3.7,46,0,2,6,2,3,4,0.25,3,0,0,1,0,0,0,Matches
443,Jonathan Tah,de GER,DF,Leverkusen,25-089,1996,22.7,5,0.22,5,0,0,0,0,0,0,0,0,0,0,0,0,0,0,Matches
444,Edmond Tapsoba,bf BFA,DF,Leverkusen,22-098,1999,28.5,25,0.88,25,0,0,0,0,0,1,0.04,1,0,0,0,0,0,0,Matches
445,Niklas Tauer,de GER,"MF,DF",Mainz 05,20-083,2001,0.8,1,1.3,1,0,0,0,0,0,0,0,0,0,0,0,0,0,0,Matches
446,Lino Tempelmann,de GER,"MF,DF",Freiburg,22-098,1999,3,3,1,2,0,0,0,1,0,0,0,0,0,0,0,0,0,0,Matches
447,Cedric Teuchert,de GER,"FW,MF",Union Berlin,24-117,1997,8.1,18,2.23,11,2,2,2,1,0,3,0.37,1,2,0,0,0,0,0,Matches
448,Malick Thiaw,de GER,DF,Schalke 04,19-276,2001,16.1,6,0.37,6,0,0,0,0,0,0,0,0,0,0,0,0,0,0,Matches
449,Jan Thielmann,de GER,"FW,MF",Köln,18-350,2002,10.8,15,1.38,13,0,0,1,1,0,2,0.18,1,0,0,1,0,0,0,Matches
450,Erik Thommy,de GER,"DF,FW",Stuttgart,26-264,1994,2.8,10,3.59,6,2,0,2,0,0,2,0.72,2,0,0,0,0,0,0,Matches
451,Marcus Thuram,fr FRA,FW,M'Gladbach,23-278,1997,17.4,46,2.64,23,0,7,6,9,1,9,0.52,3,0,1,1,4,0,0,Matches
452,Steffen Tigges,de GER,FW,Dortmund,22-284,1998,0.6,1,1.61,0,0,0,0,0,1,0,0,0,0,0,0,0,0,0,Matches
453,Guus Til,nl NED,FW,Freiburg,23-140,1997,1.4,1,0.72,1,0,0,0,0,0,0,0,0,0,0,0,0,0,0,Matches
454,Corentin Tolisso,fr FRA,MF,Bayern Munich,26-281,1994,8.1,16,1.96,11,3,1,0,1,0,2,0.25,2,0,0,0,0,0,0,Matches
455,Ömer Toprak,tr TUR,DF,Werder Bremen,31-294,1989,20.1,7,0.35,5,0,0,0,2,0,0,0,0,0,0,0,0,0,0,Matches
456,Jordan Torunarigha,de GER,DF,Hertha BSC,23-277,1997,10.3,7,0.68,6,0,0,1,0,0,1,0.1,0,0,0,1,0,0,0,Matches
457,Almamy Touré,ml MLI,DF,Eint Frankfurt,25-013,1996,7.7,25,3.24,21,1,1,0,0,2,3,0.39,3,0,0,0,0,0,0,Matches
458,Lucas Tousart,fr FRA,MF,Hertha BSC,24-012,1997,22.2,28,1.26,21,0,0,4,2,1,6,0.27,5,0,0,0,1,0,0,Matches
459,Ibrahima Traoré,gn GUI,"FW,DF",M'Gladbach,33-020,1988,1.1,1,0.92,1,0,0,0,0,0,0,0,0,0,0,0,0,0,0,Matches
460,Kevin Trapp,de GER,GK,Eint Frankfurt,30-307,1990,32,1,0.03,1,0,0,0,0,0,0,0,0,0,0,0,0,0,0,Matches
461,Christopher Trimmel,at AUT,DF,Union Berlin,34-076,1987,26.9,74,2.76,45,27,0,0,2,0,11,0.41,7,3,0,0,1,0,0,Matches
462,Tuta,br BRA,DF,Eint Frankfurt,21-311,1999,15.1,10,0.66,8,1,0,0,0,1,2,0.13,0,1,0,0,0,1,0,Matches
463,Dayot Upamecano,fr FRA,DF,RB Leipzig,22-196,1998,24.6,24,0.98,23,0,0,1,0,0,1,0.04,0,0,0,1,0,0,0,Matches
464,Mark Uth,de GER,"FW,MF",Schalke 04,29-260,1991,16.1,45,2.79,19,14,2,4,3,3,4,0.25,2,0,0,0,1,1,0,Matches
465,Ruben Vargas,ch SUI,"MF,FW",Augsburg,22-279,1998,17.8,39,2.19,30,0,1,2,6,0,3,0.17,3,0,0,0,0,0,0,Matches
466,Miloš Veljkovic,rs SRB,DF,Werder Bremen,25-227,1995,19.1,4,0.21,4,0,0,0,0,0,0,0,0,0,0,0,0,0,0,Matches
467,Michel Vlap,nl NED,"MF,FW",Arminia,23-343,1997,4.1,11,2.67,6,4,0,0,0,1,2,0.49,1,1,0,0,0,0,0,Matches
468,Andreas Voglsammer,de GER,"FW,MF",Arminia,29-122,1992,9.4,17,1.81,13,0,0,2,2,0,2,0.21,1,0,0,1,0,0,0,Matches
469,Kevin Vogt,de GER,DF,Hoffenheim,29-230,1991,19.2,10,0.52,9,0,1,0,0,0,2,0.1,1,0,1,0,0,0,0,Matches
470,Silas Wamangituka,cd COD,"DF,FW",Stuttgart,21-217,1999,21.3,61,2.86,41,0,6,7,3,4,10,0.47,6,0,1,1,0,2,0,Matches
471,Wout Weghorst,nl NED,FW,Wolfsburg,28-277,1992,30.7,70,2.28,55,0,2,8,4,1,12,0.39,9,0,0,3,0,0,0,Matches
472,Mitchell Weiser,de GER,DF,Leverkusen,27-020,1994,2.5,2,0.8,1,0,0,1,0,0,1,0.4,0,0,0,1,0,0,0,Matches
473,Wendell,br BRA,DF,Leverkusen,27-295,1993,14.2,9,0.63,8,0,0,0,0,1,1,0.07,1,0,0,0,0,0,0,Matches
474,Oscar Wendt,se SWE,DF,M'Gladbach,35-199,1985,13.7,16,1.16,11,5,0,0,0,0,1,0.07,1,0,0,0,0,0,0,Matches
475,William,br BRA,FW,Wolfsburg,26-038,1995,0,0,0,0,0,0,0,0,0,0,0,0,0,0,0,0,0,0,Matches
476,William,br BRA,"DF,FW",Schalke 04,26-038,1995,5.3,5,0.95,2,1,1,1,0,0,0,0,0,0,0,0,0,0,0,Matches
477,Florian Wirtz,de GER,MF,Leverkusen,18-008,2003,23,78,3.39,62,2,8,2,2,2,10,0.43,9,0,1,0,0,0,0,Matches
478,Axel Witsel,be BEL,MF,Dortmund,32-119,1989,12.6,19,1.51,17,0,0,2,0,0,1,0.08,1,0,0,0,0,0,0,Matches
479,Hannes Wolf,at AUT,"MF,FW",M'Gladbach,22-025,1999,14.3,28,1.96,24,0,1,0,2,1,6,0.42,5,0,0,0,1,0,0,Matches
480,Marius Wolf,de GER,"DF,MF",Köln,25-349,1995,27,49,1.81,32,0,7,4,6,0,8,0.3,6,0,0,1,1,0,0,Matches
481,Nick Woltemade,de GER,"MF,FW",Werder Bremen,19-086,2002,1.6,5,3.06,3,0,0,1,1,0,1,0.61,1,0,0,0,0,0,0,Matches
482,Jeong Woo-yeong,kr KOR,"FW,MF",Freiburg,21-233,1999,8.7,23,2.64,21,0,0,2,0,0,1,0.11,1,0,0,0,0,0,0,Matches
483,Joscha Wosz,de GER,"DF,FW",RB Leipzig,18-295,2002,0.4,1,2.65,1,0,0,0,0,0,0,0,0,0,0,0,0,0,0,Matches
484,Reinhold Yabo,de GER,"MF,FW",Arminia,29-090,1992,7.2,7,0.97,5,0,0,0,2,0,0,0,0,0,0,0,0,0,0,Matches
485,Amin Younes,de GER,"MF,FW",Eint Frankfurt,27-278,1993,14.7,51,3.46,31,5,8,3,4,0,6,0.41,3,1,2,0,0,0,0,Matches
486,Dan-Axel Zagadou,fr FRA,DF,Dortmund,21-342,1999,3.1,0,0,0,0,0,0,0,0,0,0,0,0,0,0,0,0,0,Matches
487,Denis Zakaria,ch SUI,"MF,DF",M'Gladbach,24-172,1996,14.6,15,1.03,13,0,0,2,0,0,1,0.07,1,0,0,0,0,0,0,Matches
488,Deyovaisio Zeefuik,nl NED,"DF,MF",Hertha BSC,23-061,1998,9.9,27,2.72,23,0,2,0,2,0,0,0,0,0,0,0,0,0,0,Matches
489,Robin Zentner,de GER,GK,Mainz 05,26-195,1994,31,4,0.13,1,2,0,1,0,0,0,0,0,0,0,0,0,0,0,Matches
490,Ron-Robert Zieler,de GER,GK,Köln,32-088,1989,0.6,0,0,0,0,0,0,0,0,0,0,0,0,0,0,0,0,0,Matches
491,Joshua Zirkzee,nl NED,FW,Bayern Munich,19-354,2001,1,2,1.96,2,0,0,0,0,0,0,0,0,0,0,0,0,0,0,Matches
492,Steven Zuber,ch SUI,DF,Eint Frankfurt,29-267,1991,5.7,18,3.13,17,0,0,0,0,1,4,0.7,4,0,0,0,0,0,0,Matches
